time,latitude,longitude,depth,mag,magType,nst,gap,dmin,rms,net,id,updated,place,type,horizontalError,depthError,magError,magNst,status,locationSource,magSource,Date,Day_Number,country,cluster
1919-10-31 15:36:40.540000+00:00,-27.359,30.521,15.0,6.29,mw,,,,,iscgem,iscgem912998,2022-04-25T23:54:14.619Z,"38 km S of Driefontein, South Africa",earthquake,,25.0,0.2,,reviewed,iscgem,iscgem,1919-10-31,0,South Africa,-1
1920-12-04 05:51:38.380000+00:00,-38.853,23.07,10.0,6.35,mw,,,,,iscgemsup,iscgemsup912676,2022-05-09T18:01:11.299Z,off the coast of South Africa,earthquake,,25.0,0.29,,reviewed,iscgemsup,iscgemsup,1920-12-04,400,off the coast of South Africa,-1
1969-09-29 20:03:30.050000+00:00,-33.234,19.351,12.0,6.3,mw,,,,,iscgem,iscgem805003,2025-12-19T19:08:56.165Z,"15 km NNE of Ceres, South Africa",earthquake,,3.4,0.2,,reviewed,iscgem,iscgem,1969-09-29,18231,South Africa,-1
1970-04-14 19:08:19.040000+00:00,-33.285,19.365,10.0,5.7,mw,,,,,iscgem,iscgem796738,2025-12-19T19:06:13.426Z,"10 km NNE of Ceres, South Africa",earthquake,,6.1,0.2,,reviewed,iscgem,iscgem,1970-04-14,18428,South Africa,-1
1973-01-17 11:39:36.100000+00:00,-26.272,28.126,30.0,5.11,mw,,,,,us,usp0000068,2020-07-10T19:24:34.447Z,"0 km SE of Alberton, South Africa",earthquake,,,,,reviewed,us,us,1973-01-17,19437,South Africa,1
1973-02-06 09:50:41.400000+00:00,-26.387,28.388,33.0,5.11,mw,,,,,us,usp00000dy,2020-07-10T19:26:04.749Z,"10 km WNW of Nigel, South Africa",earthquake,,,,,reviewed,us,us,1973-02-06,19606,South Africa,1
1973-03-09 13:01:46.500000+00:00,-27.988,27.055,33.0,5.2,mw,,,,,us,usp00000vz,2020-07-10T19:28:22.269Z,"3 km ESE of Hennenman, South Africa",earthquake,,,,,reviewed,us,us,1973-03-09,19504,South Africa,3
1973-03-25 20:02:26.700000+00:00,-26.005,27.93,30.0,5.28,mw,,,,,us,usp000012m,2020-07-10T19:29:44.780Z,"9 km ENE of Muldersdriseloop, South Africa",earthquake,,,,,reviewed,us,us,1973-03-25,19488,South Africa,1
1973-07-05 17:59:47.300000+00:00,-26.031,27.425,33.0,5.37,mw,,,,,us,usp00002jq,2020-07-10T19:40:17.702Z,"32 km WNW of Randfontein, South Africa",earthquake,,,,,reviewed,us,us,1973-07-05,19457,South Africa,1
1973-08-25 07:48:08.200000+00:00,-26.099,27.699,14.0,5.37,mw,,,,,us,usp000036y,2020-07-10T19:47:29.729Z,"7 km W of Krugersdorp, South Africa",earthquake,,,,,reviewed,us,us,1973-08-25,19693,South Africa,1
1973-09-06 20:13:35.700000+00:00,-27.832,26.84,33.0,5.11,mw,,,,,us,usp00003br,2020-07-10T19:49:13.520Z,"8 km E of Kutloanong, South Africa",earthquake,,,,,reviewed,us,us,1973-09-06,19773,South Africa,3
1973-09-30 06:58:29+00:00,-26.605,26.618,33.0,5.45,mw,,,,,us,usp00003m9,2020-07-10T19:52:01.229Z,"27 km N of Klerksdorp, South Africa",earthquake,,,,,reviewed,us,us,1973-09-30,19657,South Africa,2
1973-12-19 03:06:58.800000+00:00,-27.053,26.772,33.0,5.45,mw,,,,,us,usp00004k4,2022-04-27T18:33:51.150Z,"12 km SE of Orkney, South Africa",earthquake,,,,,reviewed,us,us,1973-12-19,19669,South Africa,2
1974-01-21 15:15:54+00:00,-26.091,28.136,25.0,5.28,mw,,,,,us,usp00004zp,2020-07-10T20:03:03.626Z,"2 km W of Modderfontein, South Africa",earthquake,,,,,reviewed,us,us,1974-01-21,19919,South Africa,1
1974-05-14 06:51:15.400000+00:00,-26.272,27.533,22.0,5.9,mw,,,,,us,usp00006bj,2020-08-25T23:44:43.648Z,"12 km WNW of Westonaria, South Africa",earthquake,,,,,reviewed,us,us,1974-05-14,19806,South Africa,1
1974-07-23 14:09:56+00:00,-26.604,26.996,33.0,5.28,mw,,,,,us,usp000079b,2020-08-25T23:50:01.555Z,"16 km NW of Potchefstroom, South Africa",earthquake,,,,,reviewed,us,us,1974-07-23,19989,South Africa,1
1975-02-11 05:05:15.600000+00:00,-26.162,27.342,21.0,4.6,mw,,,,,us,usp00009w5,2014-11-06T23:21:28.836Z,"22 km NNW of Carletonville, South Africa",earthquake,,,,,reviewed,us,us,1975-02-11,20309,South Africa,1
1975-02-15 22:03:03.900000+00:00,-25.724,28.342,33.0,5.2,mw,,,,,us,usp00009xq,2020-08-26T00:09:10.308Z,"15 km E of Pretoria, South Africa",earthquake,,,,,reviewed,us,us,1975-02-15,20196,South Africa,-1
1975-04-07 14:38:10.500000+00:00,-37.521,30.881,25.0,5.37,mw,,,,,us,usp0000ah6,2014-11-06T23:21:29.660Z,off the coast of South Africa,earthquake,,,,,reviewed,us,us,1975-04-07,20192,off the coast of South Africa,-1
1975-06-08 18:32:53.500000+00:00,-29.3,25.167,33.0,4.77,mw,,,,,us,usp0000bck,2014-11-06T23:21:30.573Z,"62 km ESE of Ritchie, South Africa",earthquake,,,,,reviewed,us,us,1975-06-08,20247,South Africa,-1
1976-07-01 11:24:05.300000+00:00,-29.522,25.182,33.0,6.19,mw,,,,,us,usp0000h53,2025-12-19T20:18:39.539Z,"77 km SE of Ritchie, South Africa",earthquake,,,,,reviewed,us,us,1976-07-01,20698,South Africa,-1
1976-12-08 08:38:25.700000+00:00,-27.952,26.653,33.0,5.45,mw,,,,,us,usp0000kp0,2022-04-27T16:43:00.273Z,"8 km WNW of Welkom, South Africa",earthquake,,,,,reviewed,us,us,1976-12-08,20858,South Africa,3
1977-03-14 15:41:33+00:00,-28.114,27.104,33.0,5.2,mw,,,,,us,usp0000mww,2020-08-26T01:21:40.057Z,"4 km SW of Ventersburg, South Africa",earthquake,,,,,reviewed,us,us,1977-03-14,20978,South Africa,3
1977-04-07 11:54:37.100000+00:00,-26.933,26.656,11.0,5.71,mw,,,,,us,usp0000n9x,2020-08-26T01:24:50.612Z,"5 km NNW of Orkney, South Africa",earthquake,,,,,reviewed,us,us,1977-04-07,20954,South Africa,2
1979-01-19 15:18:08.200000+00:00,-26.423,27.248,33.0,4.94,mw,,,,,us,usp0000ygj,2020-08-26T20:12:05.185Z,"16 km WSW of Carletonville, South Africa",earthquake,,,,,reviewed,us,us,1979-01-19,21707,South Africa,1
1979-04-06 05:33:10.600000+00:00,-26.971,26.641,10.0,5.28,mw,,,,,us,usp0000zuz,2020-08-26T20:20:30.560Z,"3 km WNW of Orkney, South Africa",earthquake,,,,,reviewed,us,us,1979-04-06,21630,South Africa,2
1980-01-28 06:30:45.400000+00:00,-27.024,26.3,33.0,4.94,mw,,,,,us,usp000157r,2020-08-26T20:49:53.778Z,"36 km ENE of Wolmaransstad, South Africa",earthquake,,,,,reviewed,us,us,1980-01-28,22058,South Africa,2
1980-02-17 00:58:28.200000+00:00,-27.184,30.858,33.0,5.03,mw,,,,,us,usp00015gs,2020-08-26T20:51:46.950Z,"20 km SSE of Piet Retief, South Africa",earthquake,,,,,reviewed,us,us,1980-02-17,22024,South Africa,-1
1980-02-17 21:01:21.500000+00:00,-27.621,26.787,33.0,5.11,mw,,,,,us,usp00015h7,2020-08-26T20:52:11.880Z,"20 km NE of Allanridge, South Africa",earthquake,,,,,reviewed,us,us,1980-02-17,22004,South Africa,3
1980-03-22 02:14:15+00:00,-25.821,28.047,33.0,5.11,mw,,,,,us,usp000164u,2020-08-26T20:55:52.832Z,"12 km NNE of Diepsloot, South Africa",earthquake,,,,,reviewed,us,us,1980-03-22,22024,South Africa,1
1980-04-08 00:39:34.600000+00:00,-26.304,27.611,33.0,4.6,mw,,,,,us,usp00016gm,2014-11-06T23:24:20.215Z,"4 km WNW of Westonaria, South Africa",earthquake,,,,,reviewed,us,us,1980-04-08,22075,South Africa,1
1980-06-12 03:03:41.900000+00:00,-26.914,27.462,33.0,5.11,mw,,,,,us,usp000185b,2020-08-26T21:04:09.088Z,"1 km SSE of Parys, South Africa",earthquake,,,,,reviewed,us,us,1980-06-12,22217,South Africa,2
1980-06-13 21:15:10.400000+00:00,-26.436,26.961,33.0,5.2,mw,,,,,us,usp0001871,2020-08-26T21:04:19.706Z,"34 km NNW of Potchefstroom, South Africa",earthquake,,,,,reviewed,us,us,1980-06-13,22140,South Africa,1
1980-08-28 14:37:51.300000+00:00,-30.697,24.399,33.0,5.2,mw,,,,,us,usp00019k3,2020-08-26T21:12:24.161Z,"37 km E of De Aar, South Africa",earthquake,,,,,reviewed,us,us,1980-08-28,22141,South Africa,-1
1981-01-28 16:20:33.400000+00:00,-26.073,27.611,33.0,4.94,mw,,,,,us,usp0001bxq,2020-08-26T21:26:54.850Z,"15 km NW of Randfontein, South Africa",earthquake,,,,,reviewed,us,us,1981-01-28,22391,South Africa,1
1981-02-18 08:28:20.050000+00:00,-26.625,26.607,33.0,5.03,mw,,,,1.3,us,usp0001c8j,2020-08-26T21:27:28.654Z,"25 km NNW of Klerksdorp, South Africa",earthquake,,,,1.0,reviewed,us,us,1981-02-18,22370,South Africa,2
1981-08-14 09:08:49+00:00,-32.875,31.947,33.0,4.23,mw,,,,0.9,us,usp0001f9b,2014-11-07T00:29:55.950Z,"265 km ESE of Port Saint John’s, South Africa",earthquake,,,,,reviewed,us,pre,1981-08-14,22623,South Africa,-1
1981-09-07 15:55:30.310000+00:00,-26.213,27.372,33.0,5.03,mw,,,,1.5,us,usp0001fqu,2020-08-26T21:41:16.629Z,"16 km N of Carletonville, South Africa",earthquake,,,,1.0,reviewed,us,us,1981-09-07,22592,South Africa,1
1981-10-08 00:00:29.240000+00:00,-26.961,26.751,25.9,5.11,mw,,,,0.7,us,usp0001gbc,2020-08-26T21:43:35.383Z,"8 km ENE of Orkney, South Africa",earthquake,,4.4,,12.0,reviewed,us,us,1981-10-08,22568,South Africa,2
1982-03-26 13:41:27.360000+00:00,-27.539,30.876,33.0,4.85,mw,,,,1.3,us,usp0001kc7,2020-04-16T20:10:33.716Z,"26 km NNE of Vryheid, South Africa",earthquake,,,,2.0,reviewed,us,us,1982-03-26,22806,South Africa,-1
1982-04-09 01:52:35.750000+00:00,-26.8,26.603,5.0,4.85,mw,,,,1.9,us,usp0001kkt,2020-08-26T22:01:53.105Z,"8 km NW of Klerksdorp, South Africa",earthquake,,,,2.0,reviewed,us,us,1982-04-09,22810,South Africa,2
1982-04-13 11:26:47.250000+00:00,-27.926,26.783,5.0,5.28,mw,,,,1.1,us,usp0001kpq,2020-08-26T22:02:16.494Z,"7 km NE of Welkom, South Africa",earthquake,,,,23.0,reviewed,us,us,1982-04-13,22792,South Africa,3
1982-06-07 00:56:13.440000+00:00,-27.917,26.829,5.0,5.03,mw,,,,1.1,us,usp0001mr9,2020-08-26T22:04:58.734Z,"11 km NE of Welkom, South Africa",earthquake,,,,2.0,reviewed,us,us,1982-06-07,22993,South Africa,3
1982-10-13 23:22:25.390000+00:00,-26.362,27.337,5.0,4.85,mw,,,,1.0,us,usp0001q7b,2020-08-26T22:13:34.203Z,"6 km W of Carletonville, South Africa",earthquake,,,,1.0,reviewed,us,us,1982-10-13,23023,South Africa,1
1982-11-12 06:11:32.340000+00:00,-26.906,26.75,5.0,5.28,mw,,,,1.0,us,usp0001qv1,2020-08-26T22:16:03.124Z,"7 km SSW of Stilfontein, South Africa",earthquake,,,,10.0,reviewed,us,us,1982-11-12,22865,South Africa,2
1982-12-11 22:03:57+00:00,-26.855,26.589,5.0,4.94,mw,,,,1.1,us,usp0001rcz,2020-08-26T22:18:39.771Z,"7 km W of Klerksdorp, South Africa",earthquake,,,,2.0,reviewed,us,us,1982-12-11,23052,South Africa,2
1983-04-14 15:57:23.700000+00:00,-28.137,27.028,5.0,4.94,mw,,,,1.6,us,usp0001uf0,2020-08-26T22:37:20.507Z,"12 km WSW of Ventersburg, South Africa",earthquake,,,,2.0,reviewed,us,us,1983-04-14,23176,South Africa,3
1983-06-06 10:48:50.530000+00:00,-26.885,26.664,5.0,5.45,mw,,,,1.6,us,usp0001vxz,2020-08-26T22:42:37.802Z,"3 km S of Klerksdorp, South Africa",earthquake,,,,1.0,reviewed,us,us,1983-06-06,23229,South Africa,2
1983-09-05 00:33:32.440000+00:00,-29.224,24.776,5.0,5.03,mw,,,,1.5,us,usp0001y52,2020-08-26T22:54:08.454Z,South Africa,earthquake,,,,2.0,reviewed,us,us,1983-09-05,23320,South Africa,-1
1983-12-27 07:38:24.490000+00:00,-26.421,27.387,5.0,5.2,mw,,,,1.2,us,usp00020un,2020-08-26T23:09:22.922Z,"6 km S of Carletonville, South Africa",earthquake,,,,13.0,reviewed,us,us,1983-12-27,23546,South Africa,1
1984-01-28 13:16:08.170000+00:00,-26.885,26.694,5.0,5.28,mw,,,,1.3,us,usp00021ma,2020-08-26T23:13:17.447Z,"4 km SE of Klerksdorp, South Africa",earthquake,,,,2.0,reviewed,us,us,1984-01-28,23433,South Africa,2
1984-04-18 12:48:36.870000+00:00,-27.944,26.954,5.0,5.28,mw,,,,1.3,us,usp00023n8,2020-08-26T23:23:20.787Z,"7 km WNW of Hennenman, South Africa",earthquake,,,,6.0,reviewed,us,us,1984-04-18,23465,South Africa,3
1984-06-11 11:46:20.070000+00:00,-26.279,28.353,8.7,5.03,mw,,,,1.2,us,usp00024y4,2020-08-26T23:29:26.481Z,"4 km SSW of Brakpan, South Africa",earthquake,,4.0,,1.0,reviewed,us,us,1984-06-11,23661,South Africa,1
1984-06-20 04:49:33.030000+00:00,-28.18,27.136,5.0,5.11,mw,,,,1.3,us,usp000254k,2020-08-26T23:30:47.940Z,"10 km S of Ventersburg, South Africa",earthquake,,,,2.0,reviewed,us,us,1984-06-20,23609,South Africa,3
1984-08-11 21:23:10.160000+00:00,-26.8,26.518,5.0,5.2,mw,,,,1.4,us,usp00026bu,2020-08-26T23:36:59.254Z,"15 km WNW of Klerksdorp, South Africa",earthquake,,,,2.0,reviewed,us,us,1984-08-11,23600,South Africa,2
1984-11-21 20:28:10.770000+00:00,-26.158,28.128,5.0,4.94,mw,,,,1.0,us,usp0002996,2020-08-26T23:49:10.111Z,"3 km SW of Edenvale, South Africa",earthquake,,,,1.0,reviewed,us,us,1984-11-21,23931,South Africa,1
1985-04-24 02:48:56.610000+00:00,-26.82,26.665,5.0,5.11,mw,,,,1.3,us,usp0002e3h,2020-08-27T00:13:05.305Z,"3 km N of Klerksdorp, South Africa",earthquake,,,,2.0,reviewed,us,us,1985-04-24,23763,South Africa,2
1985-05-08 11:35:41.470000+00:00,-29.282,25.039,5.0,5.11,mw,,,,0.9,us,usp0002ej8,2020-08-27T00:14:05.565Z,"50 km ESE of Ritchie, South Africa",earthquake,,,,8.0,reviewed,us,us,1985-05-08,23917,South Africa,-1
1985-05-17 21:35:16.100000+00:00,-27.968,27.277,5.0,5.11,mw,,,,1.2,us,usp0002exj,2020-08-27T00:16:06.202Z,"18 km NE of Ventersburg, South Africa",earthquake,,,,1.0,reviewed,us,us,1985-05-17,23940,South Africa,3
1985-05-26 01:54:39.200000+00:00,-26.766,26.636,5.0,5.11,mw,,,,1.5,us,usp0002f6s,2020-08-27T00:17:17.418Z,"10 km NNW of Klerksdorp, South Africa",earthquake,,,,1.0,reviewed,us,us,1985-05-26,23949,South Africa,2
1985-06-14 03:27:24.560000+00:00,-26.229,27.535,5.0,4.77,mw,,,,1.1,us,usp0002fua,2014-11-07T00:36:43.796Z,"15 km NW of Westonaria, South Africa",earthquake,,,,1.0,reviewed,us,us,1985-06-14,23968,South Africa,1
1986-01-01 16:00:50.020000+00:00,-26.781,26.598,5.0,5.2,mw,,,,1.1,us,usp0002pnw,2020-08-27T00:44:23.665Z,"10 km NW of Klerksdorp, South Africa",earthquake,,,,4.0,reviewed,us,us,1986-01-01,24209,South Africa,2
1986-02-10 20:45:01.720000+00:00,-27.944,26.753,5.0,5.28,mw,,,,1.1,us,usp0002qwm,2020-08-27T00:48:02.062Z,"4 km NNE of Welkom, South Africa",earthquake,,,,17.0,reviewed,us,us,1986-02-10,24169,South Africa,3
1986-04-22 07:33:45.740000+00:00,-26.368,27.254,5.0,5.03,mw,,,,1.3,us,usp0002t3r,2020-08-27T00:55:34.396Z,"14 km W of Carletonville, South Africa",earthquake,,,,2.0,reviewed,us,us,1986-04-22,24280,South Africa,1
1986-09-15 07:06:30.670000+00:00,-26.269,27.432,5.0,5.2,mw,,,,1.1,us,usp0002y3k,2020-08-28T20:39:48.623Z,"10 km NNE of Carletonville, South Africa",earthquake,,,,10.0,reviewed,us,us,1986-09-15,24469,South Africa,1
1986-10-28 15:04:21.380000+00:00,-26.978,26.676,5.0,6.25,mw,,,,0.9,us,usp0002zf7,2022-04-27T22:03:58.979Z,"0 km NE of Orkney, South Africa",earthquake,,,,6.0,reviewed,us,us,1986-10-28,24426,South Africa,2
1986-12-29 20:41:59.420000+00:00,-26.304,27.468,5.0,5.11,mw,,,,0.8,us,usp0003191,2020-08-28T20:51:50.979Z,"9 km NE of Carletonville, South Africa",earthquake,,,,10.0,reviewed,us,us,1986-12-29,24637,South Africa,1
1987-04-14 09:39:53.560000+00:00,-26.692,26.614,13.2,5.2,mw,,,,1.6,us,usp000345j,2020-08-28T21:12:09.005Z,"18 km NNW of Klerksdorp, South Africa",earthquake,,7.5,,6.0,reviewed,us,us,1987-04-14,24531,South Africa,2
1987-05-01 19:15:24.880000+00:00,-26.3,28.388,5.0,4.6,mw,,,,1.1,us,usp00034mx,2014-11-07T00:40:19.840Z,"5 km SSW of Springs, South Africa",earthquake,,,,2.0,reviewed,us,us,1987-05-01,24654,South Africa,1
1987-06-08 05:40:47.410000+00:00,-27.792,26.425,5.0,4.1,m,,,,1.5,us,usp00035mp,2014-11-07T00:40:31.688Z,"9 km NE of Wesselsbron, South Africa",earthquake,,,,,reviewed,us,bul,1987-06-08,24830,South Africa,3
1987-06-25 07:15:54.660000+00:00,-26.876,28.583,5.0,4.2,m,,,,0.7,us,usp000362e,2014-11-07T00:40:33.948Z,"17 km N of Villiers, South Africa",earthquake,,,,,reviewed,us,bul,1987-06-25,24744,South Africa,-1
1987-07-30 12:46:27.310000+00:00,-26.849,26.536,5.0,5.28,mw,,,,1.0,us,usp000372f,2020-08-28T21:26:02.882Z,"12 km W of Klerksdorp, South Africa",earthquake,,,,3.0,reviewed,us,us,1987-07-30,24692,South Africa,2
1987-08-01 18:43:10.590000+00:00,-31.025,29.59,5.0,4.3,m,,,,1.1,us,usp000374y,2014-11-07T00:40:45.038Z,"55 km SSE of Kokstad, South Africa",earthquake,,,,,reviewed,us,bul,1987-08-01,24709,South Africa,-1
1987-10-24 11:45:48.590000+00:00,-30.756,29.029,5.0,4.2,m,,,,0.7,us,usp00039jd,2014-11-07T00:41:06.440Z,"44 km WSW of Kokstad, South Africa",earthquake,,,,,reviewed,us,bul,1987-10-24,24746,South Africa,-1
1987-12-11 18:46:51.080000+00:00,-26.325,27.336,5.0,4.0,m,,,,1.2,us,usp0003b6u,2014-11-07T00:41:22.818Z,"7 km WNW of Carletonville, South Africa",earthquake,,,,,reviewed,us,bul,1987-12-11,24941,South Africa,1
1988-01-05 06:41:16.930000+00:00,-26.807,26.639,5.0,5.45,mw,,,,1.1,us,usp0003bty,2020-08-28T21:47:04.318Z,"5 km NNW of Klerksdorp, South Africa",earthquake,,,,6.0,reviewed,us,us,1988-01-05,24878,South Africa,2
1988-02-12 17:54:13.470000+00:00,-31.711,29.766,10.0,4.85,mw,,,,1.1,us,usp0003cz7,2014-11-07T00:41:39.349Z,"23 km ESE of Port Saint John’s, South Africa",earthquake,,,,1.0,reviewed,us,us,1988-02-12,24941,South Africa,-1
1988-02-12 19:30:24.010000+00:00,-30.541,29.007,10.0,4.94,mw,,,,1.3,us,usp0003cza,2020-08-28T21:52:23.703Z,South Africa,earthquake,,,,1.0,reviewed,us,us,1988-02-12,24903,South Africa,-1
1988-09-12 02:32:20.870000+00:00,-26.867,26.659,5.0,5.03,mw,,,,0.8,us,usp0003kwy,2020-08-28T22:17:32.330Z,"1 km SSW of Klerksdorp, South Africa",earthquake,,,,9.0,reviewed,us,us,1988-09-12,25154,South Africa,2
1989-01-25 10:14:33.480000+00:00,-27.985,26.734,5.0,5.71,mw,,,,0.8,us,usp0003r7e,2022-04-28T20:28:35.579Z,"0 km S of Welkom, South Africa",earthquake,,,,48.0,reviewed,us,us,1989-01-25,25289,South Africa,3
1989-03-30 03:40:59.500000+00:00,-26.649,26.774,5.0,5.11,mw,,,,1.2,us,usp0003ter,2020-08-28T22:37:53.708Z,"21 km N of Stilfontein, South Africa",earthquake,,,,20.0,reviewed,us,us,1989-03-30,25353,South Africa,2
1989-09-14 10:10:10.420000+00:00,-26.33,27.208,5.0,4.2,m,,,,1.4,us,usp0003zjh,2014-11-07T00:44:51.795Z,"19 km W of Carletonville, South Africa",earthquake,,,,,reviewed,us,bul,1989-09-14,25521,South Africa,1
1990-02-14 12:27:14.490000+00:00,-26.286,27.507,5.0,4.85,mw,,,,0.9,us,usp00045eu,2020-08-28T23:24:38.949Z,"13 km NE of Carletonville, South Africa",earthquake,,,,1.0,reviewed,us,us,1990-02-14,25687,South Africa,1
1990-02-27 16:17:09.980000+00:00,-26.872,26.736,5.0,4.94,mw,,,,0.9,us,usp00045zg,2020-08-28T23:26:28.545Z,"4 km SW of Stilfontein, South Africa",earthquake,,,,2.0,reviewed,us,us,1990-02-27,25674,South Africa,2
1990-03-17 00:41:01.020000+00:00,-28.077,26.742,5.0,4.85,mw,,,,0.6,us,usp00046qj,2020-08-28T23:29:05.569Z,"11 km S of Welkom, South Africa",earthquake,,,,1.0,reviewed,us,us,1990-03-17,25705,South Africa,3
1990-07-18 11:03:32.340000+00:00,-26.811,26.701,5.0,5.03,mw,,,,1.1,us,usp0004c4w,2020-08-29T00:00:46.960Z,"5 km NE of Klerksdorp, South Africa",earthquake,,,,4.0,reviewed,us,us,1990-07-18,25828,South Africa,2
1990-11-14 00:31:39.490000+00:00,-28.122,26.789,5.0,5.11,mw,,,,1.5,us,usp0004gwm,2020-08-29T00:15:21.951Z,"7 km WSW of Virginia, South Africa",earthquake,,,,2.0,reviewed,us,us,1990-11-14,25947,South Africa,3
1990-12-06 16:02:20.540000+00:00,-26.397,27.343,5.0,4.85,mw,,,,1.4,us,usp0004ht5,2020-08-29T00:18:46.094Z,"6 km SW of Carletonville, South Africa",earthquake,,,,1.0,reviewed,us,us,1990-12-06,25969,South Africa,1
1991-06-10 13:28:04.400000+00:00,-26.842,26.724,5.0,5.11,mw,,,,1.0,us,usp0004srd,2020-08-29T00:49:26.234Z,"4 km W of Stilfontein, South Africa",earthquake,,,,7.0,reviewed,us,us,1991-06-10,26155,South Africa,2
1991-08-22 19:47:35.920000+00:00,-28.05,26.821,5.0,4.85,mw,,,,1.5,us,usp0004vqh,2020-08-29T00:58:12.799Z,"7 km NW of Virginia, South Africa",earthquake,,,,1.0,reviewed,us,us,1991-08-22,26228,South Africa,3
1991-11-03 18:28:55.460000+00:00,-26.895,26.7,5.0,5.37,mw,,,,0.7,us,usp0004ys2,2020-08-29T01:04:59.113Z,"5 km SE of Klerksdorp, South Africa",earthquake,,,,20.0,reviewed,us,us,1991-11-03,26301,South Africa,2
1992-03-07 00:43:03.670000+00:00,-26.512,27.353,10.1,5.2,mw,,,,0.8,us,usp00053yq,2020-08-29T01:19:32.004Z,"14 km W of Fochville, South Africa",earthquake,,4.5,,28.0,reviewed,us,us,1992-03-07,26426,South Africa,1
1992-04-15 13:09:14.910000+00:00,-25.671,27.78,5.0,4.77,mw,,,,1.2,us,usp00055uu,2014-11-07T00:50:27.467Z,"4 km S of Brits, South Africa",earthquake,,,,2.0,reviewed,us,us,1992-04-15,26517,South Africa,-1
1992-06-06 18:34:00.790000+00:00,-28.02,26.753,9.5,5.54,mw,,,,0.9,us,usp00058s9,2020-08-29T01:36:30.376Z,"5 km SSE of Welkom, South Africa",earthquake,,2.8,,61.0,reviewed,us,us,1992-06-06,26465,South Africa,3
1992-08-22 00:58:41.960000+00:00,-26.339,27.464,5.0,4.68,mw,,,,0.9,us,usp0005cva,2014-11-07T00:51:17.854Z,"7 km ENE of Carletonville, South Africa",earthquake,,,,11.0,reviewed,us,us,1992-08-22,26594,South Africa,1
1992-11-19 08:32:01.610000+00:00,-30.432,23.911,10.0,4.0,mblg,,,,0.5,us,usp0005h25,2014-11-07T00:51:53.203Z,"26 km NNW of De Aar, South Africa",earthquake,,,,,reviewed,us,bul,1992-11-19,26779,South Africa,-1
1993-02-23 05:12:44.190000+00:00,-26.314,27.384,5.0,4.6,mw,,,,1.4,us,usp0005nhh,2014-11-07T00:52:26.651Z,"5 km NNW of Carletonville, South Africa",earthquake,,,,1.0,reviewed,us,us,1993-02-23,26683,South Africa,1
1993-02-24 06:02:21.420000+00:00,-26.882,26.696,5.0,4.0,mblg,,,,0.8,us,usp0005nkd,2014-11-07T00:52:26.915Z,"4 km SE of Klerksdorp, South Africa",earthquake,,,,,reviewed,us,bul,1993-02-24,26780,South Africa,2
1993-04-06 17:23:47.420000+00:00,-26.334,27.373,5.0,5.03,mw,,,,1.0,us,usp0005qry,2020-08-29T02:11:28.125Z,"3 km NW of Carletonville, South Africa",earthquake,,,,14.0,reviewed,us,us,1993-04-06,26821,South Africa,1
1993-04-28 12:52:14.450000+00:00,-26.854,26.67,5.0,4.77,mw,,,,0.9,us,usp0005rws,2014-11-07T00:52:52.758Z,"0 km ESE of Klerksdorp, South Africa",earthquake,,,,1.0,reviewed,us,us,1993-04-28,26843,South Africa,2
1993-10-26 04:34:44.230000+00:00,-26.203,27.443,5.0,4.38,mw,,,,0.7,us,usp00062q6,2014-11-07T00:54:15.443Z,"18 km NNE of Carletonville, South Africa",earthquake,,,,,reviewed,us,pre,1993-10-26,27079,South Africa,1
1993-12-20 19:15:24.940000+00:00,-26.921,26.655,5.0,5.11,mw,,,,1.2,us,usp00065da,2020-09-15T16:51:24.211Z,"6 km NNW of Orkney, South Africa",earthquake,,,,6.0,reviewed,us,us,1993-12-20,27024,South Africa,2
1994-07-31 06:21:15.310000+00:00,-26.883,26.758,5.0,4.38,mw,,,,0.9,us,usp0006gbt,2014-11-07T00:55:55.924Z,"4 km SSW of Stilfontein, South Africa",earthquake,,,,,reviewed,us,pre,1994-07-31,27302,South Africa,2
1994-10-30 06:06:27.460000+00:00,-28.032,26.738,5.0,5.76,mw,,,,0.8,us,usp0006mwt,2020-09-15T17:28:37.652Z,"6 km S of Welkom, South Africa",earthquake,,,,69.0,reviewed,us,us,1994-10-30,27393,South Africa,3
1995-01-18 15:06:19.260000+00:00,-26.391,27.253,5.0,4.85,mw,,,,1.3,us,usp0006rja,2020-09-15T17:37:52.010Z,"14 km WSW of Carletonville, South Africa",earthquake,,,,7.0,reviewed,us,us,1995-01-18,27473,South Africa,1
1995-02-10 01:56:23.490000+00:00,-26.844,26.668,5.0,4.38,mw,,,,1.1,us,usp0006spe,2014-11-07T00:57:18.601Z,"0 km N of Klerksdorp, South Africa",earthquake,,,,,reviewed,us,pre,1995-02-10,27496,South Africa,2
1995-05-19 05:48:50.820000+00:00,-28.038,26.76,5.0,5.03,mw,,,,1.6,us,usp0006xp9,2020-09-15T17:58:51.121Z,"7 km SSE of Welkom, South Africa",earthquake,,,,1.0,reviewed,us,us,1995-05-19,27594,South Africa,3
1995-05-20 04:18:59.890000+00:00,-26.938,26.665,5.0,5.03,mw,,,,1.3,us,usp0006xqy,2020-09-15T17:59:12.638Z,"4 km N of Orkney, South Africa",earthquake,,,,8.0,reviewed,us,us,1995-05-20,27595,South Africa,2
1995-08-11 11:52:58.640000+00:00,-26.36,27.399,5.0,4.6,mw,,,,1.6,us,usp00071qe,2014-11-07T00:58:30.906Z,"0 km NE of Carletonville, South Africa",earthquake,,,,5.0,reviewed,us,us,1995-08-11,27678,South Africa,1
1995-10-28 18:38:45.390000+00:00,-26.332,27.548,5.0,5.03,mw,,,,1.1,us,usp00075x0,2020-09-15T18:24:17.799Z,"10 km W of Westonaria, South Africa",earthquake,,,,30.0,reviewed,us,us,1995-10-28,27784,South Africa,1
1995-11-25 04:05:03.710000+00:00,-26.925,26.718,12.6,5.2,mw,,,,0.9,us,usp00077f2,2020-09-15T18:26:56.610Z,South Africa,earthquake,,2.3,,38.0,reviewed,us,us,1995-11-25,27756,South Africa,2
1995-12-17 22:31:30.470000+00:00,-27.958,26.576,5.0,5.03,mw,,,,1.2,us,usp000795k,2020-09-15T18:28:49.479Z,"15 km W of Welkom, South Africa",earthquake,,,,21.0,reviewed,us,us,1995-12-17,27806,South Africa,3
1996-03-01 05:34:28.380000+00:00,-26.127,28.24,10.0,4.77,mw,,,,1.0,us,usp0007e6s,2014-11-07T01:00:01.362Z,"7 km E of Eden Glen, South Africa",earthquake,,,,5.0,reviewed,us,us,1996-03-01,27881,South Africa,1
1996-04-05 04:01:59.360000+00:00,-27.012,26.671,5.0,4.77,mw,,,,1.5,us,usp0007fsn,2014-11-07T01:00:14.984Z,"3 km S of Orkney, South Africa",earthquake,,,,4.0,reviewed,us,us,1996-04-05,27916,South Africa,2
1996-04-29 21:07:18+00:00,-26.271,27.099,5.0,4.6,mw,,,,1.2,us,usp0007gr2,2014-11-07T01:00:19.981Z,"31 km WNW of Carletonville, South Africa",earthquake,,,,5.0,reviewed,us,us,1996-04-29,27940,South Africa,1
1996-09-29 23:27:07.880000+00:00,-26.344,27.485,5.0,4.77,mw,,,,1.09,us,usp0007qqn,2014-11-07T01:01:14.767Z,"8 km ENE of Carletonville, South Africa",earthquake,,,,9.0,reviewed,us,us,1996-09-29,28227,South Africa,1
1996-12-11 12:50:07.730000+00:00,-27.894,26.809,5.0,5.11,mw,,,,0.85,us,usp0007u96,2020-09-15T19:16:08.414Z,"8 km SE of Kutloanong, South Africa",earthquake,,,,17.0,reviewed,us,us,1996-12-11,28166,South Africa,3
1997-02-10 16:10:28.640000+00:00,-27.022,26.702,5.0,5.45,mw,,,,0.88,us,usp0007x1g,2020-09-15T19:21:19.502Z,"5 km SSE of Orkney, South Africa",earthquake,,,,15.0,reviewed,us,us,1997-02-10,28093,South Africa,2
1997-07-21 08:45:49.110000+00:00,-26.857,26.619,5.0,5.28,mw,,,,1.11,us,usp000854n,2020-09-15T19:39:32.329Z,"4 km W of Klerksdorp, South Africa",earthquake,,,,5.0,reviewed,us,us,1997-07-21,28388,South Africa,2
1997-07-29 11:25:05.050000+00:00,-27.894,26.703,5.0,5.11,mw,,,,0.98,us,usp00085hf,2020-09-15T19:41:18.361Z,"8 km SW of Kutloanong, South Africa",earthquake,,,,19.0,reviewed,us,us,1997-07-29,28396,South Africa,3
1997-09-25 00:05:23.250000+00:00,-26.367,27.406,5.0,5.03,mw,,,,0.76,us,usp00087z9,2020-09-15T19:45:30.654Z,"1 km SE of Carletonville, South Africa",earthquake,,,,34.0,reviewed,us,us,1997-09-25,28531,South Africa,1
1997-12-11 05:29:45.280000+00:00,-26.907,26.63,5.0,5.2,mw,,,,1.28,us,usp0008cew,2020-09-15T19:54:39.665Z,"7 km SSW of Klerksdorp, South Africa",earthquake,,,,2.0,reviewed,us,us,1997-12-11,28454,South Africa,2
1998-04-26 00:50:23.270000+00:00,-25.986,27.987,5.0,4.85,mw,,,,1.21,us,usp0008kyz,2020-09-15T20:08:11.866Z,"6 km SSW of Diepsloot, South Africa",earthquake,,,,6.0,reviewed,us,us,1998-04-26,28784,South Africa,1
1998-07-13 07:05:04.920000+00:00,-27.94,26.871,10.0,5.2,mw,,,,1.27,us,usp0008rdq,2020-09-15T20:14:04.962Z,"14 km ENE of Welkom, South Africa",earthquake,,,,4.0,reviewed,us,us,1998-07-13,28667,South Africa,3
1998-08-21 16:10:53.300000+00:00,-26.968,26.512,5.0,5.03,mw,,,,1.45,us,usp0008tn8,2020-09-15T20:17:47.061Z,"16 km W of Orkney, South Africa",earthquake,,,,4.0,reviewed,us,us,1998-08-21,28745,South Africa,2
1998-11-18 16:30:04.520000+00:00,-26.881,26.757,5.0,5.11,mw,,,,1.2,us,usp0008yd2,2020-09-15T20:28:01.594Z,"4 km SSW of Stilfontein, South Africa",earthquake,,,,3.0,reviewed,us,us,1998-11-18,28890,South Africa,2
1998-12-05 04:52:45.450000+00:00,-26.403,27.521,10.0,5.2,mw,,,,1.02,us,usp0008z6h,2020-09-15T20:29:46.564Z,"9 km NNE of Fochville, South Africa",earthquake,,,,3.0,reviewed,us,us,1998-12-05,28873,South Africa,1
1999-04-22 22:19:36.970000+00:00,-27.953,26.635,5.0,5.9,mw,,,,0.71,us,usp00096r2,2020-09-15T20:44:52.995Z,"10 km WNW of Welkom, South Africa",earthquake,,,,111.0,reviewed,us,us,1999-04-22,29028,South Africa,3
1999-07-03 20:53:01.160000+00:00,-29.365,24.583,5.0,4.85,mw,,,,1.45,us,usp0009b0p,2020-09-15T20:51:13.188Z,"36 km S of Ritchie, South Africa",earthquake,,,,1.0,reviewed,us,us,1999-07-03,29100,South Africa,-1
1999-10-11 14:24:20.450000+00:00,-26.961,26.667,10.0,5.03,mw,,,,1.18,us,usp0009fqh,2020-09-15T21:01:02.476Z,"2 km NNW of Orkney, South Africa",earthquake,,,,2.0,reviewed,us,us,1999-10-11,29200,South Africa,2
1999-12-21 17:25:12.680000+00:00,-27.918,26.673,5.0,4.85,mw,,,,1.43,us,usp0009k3z,2020-09-15T21:10:53.130Z,"8 km NW of Welkom, South Africa",earthquake,,,,3.0,reviewed,us,us,1999-12-21,29307,South Africa,3
2000-01-26 03:00:01.980000+00:00,-27.039,27.182,5.0,5.03,mw,,,,1.09,us,usp0009mp5,2020-09-15T21:15:12.727Z,"18 km W of Vredefort, South Africa",earthquake,,,,3.0,reviewed,us,us,2000-01-26,29271,South Africa,2
2000-02-08 13:30:21.900000+00:00,-26.476,27.402,5.0,4.85,mw,,,,1.2,us,usp0009n75,2020-09-15T21:16:28.435Z,"9 km W of Fochville, South Africa",earthquake,,,,5.0,reviewed,us,us,2000-02-08,29320,South Africa,1
2000-04-07 18:29:42.620000+00:00,-26.88,26.674,10.0,4.85,mw,,,,1.15,us,usp0009qyw,2020-09-15T21:20:27.913Z,"3 km SSE of Klerksdorp, South Africa",earthquake,,,,6.0,reviewed,us,us,2000-04-07,29500,South Africa,2
2000-07-29 00:04:34.820000+00:00,-27.873,26.608,10.0,5.2,mw,9.0,,,1.3,us,usp0009xc6,2020-09-15T21:33:08.442Z,"13 km SSW of Allanridge, South Africa",earthquake,,,,3.0,reviewed,us,us,2000-07-29,29379,South Africa,3
2000-08-06 21:38:28.550000+00:00,-26.387,27.603,5.0,5.2,mw,6.0,,,1.2,us,usp0009y1a,2020-09-15T21:34:40.814Z,"8 km SSW of Westonaria, South Africa",earthquake,,,,1.0,reviewed,us,us,2000-08-06,29492,South Africa,1
2000-12-24 14:46:11.760000+00:00,-26.318,28.22,5.0,4.23,mw,10.0,,,1.27,us,usp000a6nn,2014-11-07T01:11:46.142Z,"11 km ESE of Alberton, South Africa",earthquake,,,,,reviewed,us,pre,2000-12-24,29640,South Africa,1
2001-04-06 19:42:37.870000+00:00,-29.872,19.401,5.0,4.51,mw,8.0,,,0.77,us,usp000acqd,2014-11-07T01:12:32.477Z,"82 km S of Pofadder, South Africa",earthquake,,,,2.0,reviewed,us,us,2001-04-06,29859,South Africa,-1
2001-06-26 20:31:52.330000+00:00,-26.379,27.436,5.0,4.85,mw,31.0,,,0.99,us,usp000ahhg,2020-09-18T18:25:43.607Z,"4 km ESE of Carletonville, South Africa",earthquake,,,,12.0,reviewed,us,us,2001-06-26,29824,South Africa,1
2001-07-24 19:11:36.610000+00:00,-28.09,27.004,5.0,4.6,mw,8.0,,,0.97,us,usp000ak3j,2014-11-07T01:13:20.789Z,"12 km S of Hennenman, South Africa",earthquake,,,,1.0,reviewed,us,us,2001-07-24,29852,South Africa,3
2001-07-31 22:22:22.280000+00:00,-26.915,26.611,5.0,5.2,mw,91.0,,,0.88,us,usp000akmx,2022-04-29T19:28:00.174Z,"8 km SW of Klerksdorp, South Africa",earthquake,,,,43.0,reviewed,us,us,2001-07-31,29743,South Africa,2
2001-09-20 21:23:48.240000+00:00,-26.968,26.967,10.0,4.68,mw,11.0,,,1.22,us,usp000apha,2014-11-07T01:13:49.485Z,"23 km SE of Stilfontein, South Africa",earthquake,,,,4.0,reviewed,us,us,2001-09-20,30045,South Africa,2
2002-01-08 05:32:19.330000+00:00,-29.268,24.112,5.0,5.03,mw,15.0,,,1.4,us,usp000aw1v,2020-09-18T18:39:45.720Z,"54 km WSW of Ritchie, South Africa",earthquake,,,,2.0,reviewed,us,us,2002-01-08,29910,South Africa,-1
2002-02-02 21:43:05.090000+00:00,-26.463,27.472,5.0,4.77,mw,15.0,,,1.25,us,usp000axnh,2014-11-07T01:14:50.864Z,"3 km NW of Fochville, South Africa",earthquake,,,,6.0,reviewed,us,us,2002-02-02,30020,South Africa,1
2002-02-28 03:05:16.950000+00:00,-27.982,26.789,5.0,5.11,mw,11.0,,,1.2,us,usp000azb4,2020-09-18T18:45:13.086Z,"5 km E of Welkom, South Africa",earthquake,,,,4.0,reviewed,us,us,2002-02-28,30092,South Africa,3
2002-03-21 16:05:31.730000+00:00,-26.496,27.346,5.0,4.94,mw,25.0,,,1.15,us,usp000b0t0,2020-09-18T18:46:56.922Z,"14 km W of Fochville, South Africa",earthquake,,,,4.0,reviewed,us,us,2002-03-21,30159,South Africa,1
2002-03-30 02:10:40.950000+00:00,-27.015,27.385,5.0,4.77,mw,7.0,,,0.84,us,usp000b1b9,2014-11-07T01:15:16.047Z,"2 km ESE of Vredefort, South Africa",earthquake,,,,3.0,reviewed,us,us,2002-03-30,30205,South Africa,2
2002-05-27 16:22:36.430000+00:00,-26.962,26.715,5.0,5.28,mw,41.0,,,0.94,us,usp000b52r,2022-05-02T15:59:49.501Z,"4 km ENE of Orkney, South Africa",earthquake,,,,15.0,reviewed,us,us,2002-05-27,30071,South Africa,2
2002-07-12 03:16:55.430000+00:00,-26.412,29.015,5.0,5.03,mw,44.0,,,1.08,us,usp000b7yp,2020-09-18T18:57:31.167Z,"14 km NNW of eMbalenhle, South Africa",earthquake,,,,15.0,reviewed,us,us,2002-07-12,30101,South Africa,-1
2003-01-03 14:34:42.950000+00:00,-26.375,27.283,10.0,4.77,mw,15.0,,,0.88,us,usp000bn02,2014-11-07T01:17:31.833Z,"11 km W of Carletonville, South Africa",earthquake,,,,1.0,reviewed,us,us,2003-01-03,30380,South Africa,1
2003-07-19 23:05:01.820000+00:00,-26.425,27.333,5.0,4.94,mw,47.0,53.4,,0.97,us,usp000c2x6,2020-09-18T19:30:44.373Z,"9 km SW of Carletonville, South Africa",earthquake,,,,23.0,reviewed,us,us,2003-07-19,30577,South Africa,1
2003-10-11 11:32:44.600000+00:00,-27.825,26.679,5.0,5.11,mw,12.0,84.1,,1.46,us,usp000ca53,2020-09-18T19:39:38.047Z,"7 km W of Kutloanong, South Africa",earthquake,,,,1.0,reviewed,us,us,2003-10-11,30661,South Africa,3
2004-08-22 22:01:58.880000+00:00,-26.363,27.38,5.0,4.6,mw,12.0,136.4,,0.93,us,usp000d2p8,2014-11-07T01:23:15.181Z,"1 km W of Carletonville, South Africa",earthquake,,,,2.0,reviewed,us,us,2004-08-22,30992,South Africa,1
2004-09-06 10:44:38.200000+00:00,-26.779,26.513,10.0,5.2,mw,111.0,84.1,,1.04,us,usp000d3qs,2022-05-02T17:25:41.853Z,"17 km WNW of Klerksdorp, South Africa",earthquake,,,,25.0,reviewed,us,us,2004-09-06,30977,South Africa,2
2005-03-09 10:15:31.830000+00:00,-26.913,26.789,5.0,5.28,mw,93.0,44.7,,0.75,us,usp000dhva,2022-07-14T17:32:24.517Z,"7 km SSE of Stilfontein, South Africa",earthquake,,,,53.0,reviewed,us,us,2005-03-09,31176,South Africa,2
2005-05-23 06:09:13.150000+00:00,-26.348,27.436,5.0,4.68,mw,18.0,136.4,,0.77,us,usp000drdz,2014-11-07T01:25:57.587Z,"4 km ENE of Carletonville, South Africa",earthquake,,,,2.0,reviewed,us,us,2005-05-23,31251,South Africa,1
2005-10-12 14:10:34.600000+00:00,-27.011,26.769,2.0,5.11,mw,75.0,59.0,,,us,usp000e1nz,2022-07-14T14:15:27.049Z,"10 km ESE of Orkney, South Africa",earthquake,,,,31.0,reviewed,pre,us,2005-10-12,31393,South Africa,2
2006-03-15 22:04:47.410000+00:00,-26.327,27.382,5.0,4.51,mw,8.0,86.9,,1.33,us,usp000ec89,2014-11-07T01:28:32.002Z,"4 km NNW of Carletonville, South Africa",earthquake,,,,1.0,reviewed,us,us,2006-03-15,31648,South Africa,1
2006-04-29 20:57:37.810000+00:00,-26.962,26.651,5.0,5.03,mw,73.0,39.3,,0.91,us,usp000efsg,2020-09-18T20:58:30.834Z,"2 km NW of Orkney, South Africa",earthquake,,,,34.0,reviewed,us,us,2006-04-29,31547,South Africa,2
2006-06-24 04:25:05.670000+00:00,-29.196,33.42,10.0,4.77,mw,15.0,197.6,,0.85,us,usp000em4e,2014-11-07T01:29:26.861Z,"133 km SE of Saint Lucia Estuary, South Africa",earthquake,,,,2.0,reviewed,us,us,2006-06-24,31592,South Africa,-1
2006-10-12 19:47:57.530000+00:00,-26.861,26.73,5.0,5.11,mw,20.0,104.1,,0.86,us,usp000ev1v,2020-09-18T21:12:46.988Z,"4 km WSW of Stilfontein, South Africa",earthquake,,,,2.0,reviewed,us,us,2006-10-12,31758,South Africa,2
2006-10-26 14:55:45.530000+00:00,-26.394,27.762,5.0,4.43,mw,8.0,124.3,,0.91,us,usp000ew32,2014-11-07T01:30:38.118Z,"14 km SE of Westonaria, South Africa",earthquake,,,,2.0,reviewed,us,us,2006-10-26,31801,South Africa,1
2006-11-24 16:25:58.770000+00:00,-26.418,27.263,5.0,4.94,mw,13.0,119.0,,1.33,us,usp000eyqq,2020-09-18T21:16:52.753Z,"14 km WSW of Carletonville, South Africa",earthquake,,,,2.0,reviewed,us,us,2006-11-24,31772,South Africa,1
2007-02-05 03:11:51.800000+00:00,-27.018,26.795,2.0,4.85,mw,30.0,92.9,,,us,usp000f4a0,2020-09-18T21:22:12.827Z,"12 km ESE of Orkney, South Africa",earthquake,,,,4.0,reviewed,pre,us,2007-02-05,31874,South Africa,2
2007-08-04 04:50:09.500000+00:00,-26.386,27.471,2.0,4.43,mw,17.0,145.7,,,us,usp000fhug,2014-11-07T01:33:11.592Z,"7 km ESE of Carletonville, South Africa",earthquake,,,,2.0,reviewed,pre,us,2007-08-04,32200,South Africa,1
2007-12-28 05:59:40.820000+00:00,-26.876,26.731,5.0,4.68,mw,16.0,111.6,,0.92,us,usp000fvfn,2014-11-07T01:34:30.634Z,"5 km SW of Stilfontein, South Africa",earthquake,,,,2.0,reviewed,us,us,2007-12-28,32054,South Africa,2
2008-03-08 04:20:12.100000+00:00,-26.399,27.468,2.0,4.6,mw,19.0,136.4,,,us,usp000g0yf,2014-11-07T01:35:12.836Z,"8 km ESE of Carletonville, South Africa",earthquake,,,,4.0,reviewed,pre,us,2008-03-08,32271,South Africa,1
2009-03-16 14:05:42.300000+00:00,-26.949,26.753,2.0,5.28,mw,53.0,52.1,,,us,usp000gv1h,2020-09-21T16:02:07.272Z,"8 km ENE of Orkney, South Africa",earthquake,,,,15.0,reviewed,pre,us,2009-03-16,32644,South Africa,2
2009-10-09 19:27:57.100000+00:00,-26.438,27.44,2.0,5.03,mw,81.0,43.2,,,us,usp000h2nv,2020-09-21T16:18:08.838Z,"7 km NW of Fochville, South Africa",earthquake,,,,27.0,reviewed,pre,us,2009-10-09,32851,South Africa,1
2009-11-05 12:39:54.700000+00:00,-32.843,22.152,5.0,4.38,mw,22.0,106.5,,,us,usp000h3sf,2014-11-07T01:40:04.735Z,"43 km NNE of Prince Albert, South Africa",earthquake,,,,,reviewed,pre,pre,2009-11-05,32921,South Africa,-1
2009-11-29 01:04:46.900000+00:00,-26.944,26.781,2.0,4.94,mw,62.0,29.9,,,us,usp000h4j0,2020-09-21T16:23:41.355Z,"11 km S of Stilfontein, South Africa",earthquake,,,,14.0,reviewed,pre,us,2009-11-29,32878,South Africa,2
2009-12-18 15:12:34.600000+00:00,-26.232,28.208,2.0,4.6,mw,22.0,130.9,,,us,usp000h55f,2014-11-07T01:40:17.368Z,"5 km WSW of Boksburg, South Africa",earthquake,,,,4.0,reviewed,pre,us,2009-12-18,32902,South Africa,1
2010-01-21 22:53:24.600000+00:00,-27.874,26.678,2.0,4.68,mw,24.0,95.8,,,us,usp000h6fe,2014-11-07T01:40:32.639Z,"8 km WSW of Kutloanong, South Africa",earthquake,,,,1.0,reviewed,pre,us,2010-01-21,33099,South Africa,3
2010-02-15 21:09:16.400000+00:00,-26.972,26.804,2.0,4.85,mw,34.0,53.1,,,us,usp000h7be,2020-09-21T16:31:23.766Z,"13 km E of Orkney, South Africa",earthquake,,,,3.0,reviewed,pre,us,2010-02-15,32980,South Africa,2
2010-06-14 11:51:56.320000+00:00,-26.415,27.474,2.0,5.28,mw,100.0,50.1,,,us,usp000hdz5,2022-07-16T15:33:04.102Z,"8 km NNW of Fochville, South Africa",earthquake,,,,27.0,reviewed,pre,us,2010-06-14,32955,South Africa,1
2010-11-12 22:53:46.420000+00:00,-26.386,27.425,5.0,4.85,mw,38.0,53.1,,0.85,us,usp000hpg4,2020-09-21T17:06:14.802Z,South Africa,earthquake,,,,12.0,reviewed,us,us,2010-11-12,33250,South Africa,1
2011-02-21 21:19:12.690000+00:00,-28.594,20.356,5.0,4.94,mw,34.0,82.7,,0.9,us,usp000huvf,2020-09-21T17:14:16.475Z,"89 km W of Upington, South Africa",earthquake,,,,9.0,reviewed,us,us,2011-02-21,33367,South Africa,-1
2011-03-09 21:35:45.140000+00:00,-26.822,26.585,5.0,5.03,mw,21.0,94.4,,0.72,us,usp000hvkk,2020-09-21T17:16:22.216Z,South Africa,earthquake,,,,4.0,reviewed,us,us,2011-03-09,33351,South Africa,2
2011-05-14 14:10:41.400000+00:00,-32.881,22.12,5.0,4.23,mw,17.0,82.1,,,us,usp000j1kh,2022-07-19T15:17:05.837Z,"39 km NNE of Prince Albert, South Africa",earthquake,,,,,reviewed,pre,pre,2011-05-14,33433,South Africa,-1
2011-09-21 12:20:12+00:00,-26.35,27.388,5.0,4.43,mw,28.0,52.4,,0.81,us,usp000j8by,2014-11-07T01:45:56.161Z,"1 km NW of Carletonville, South Africa",earthquake,,,,3.0,reviewed,us,us,2011-09-21,33577,South Africa,1
2011-10-05 20:48:59.600000+00:00,-27.949,26.705,5.0,4.85,mw,21.0,53.3,,0.59,us,usp000j8z0,2020-09-21T17:46:24.617Z,"4 km NW of Welkom, South Africa",earthquake,,,,2.0,reviewed,us,us,2011-10-05,33563,South Africa,3
2011-12-18 18:07:06.540000+00:00,-28.635,20.405,5.0,4.3,mwr,30.0,60.1,,1.4,us,usp000jcce,2014-11-07T01:46:35.349Z,"85 km WSW of Upington, South Africa",earthquake,,,,,reviewed,us,us,2011-12-18,33651,South Africa,-1
2011-12-28 03:22:06.880000+00:00,-26.89,26.62,5.0,5.2,mw,25.0,117.0,,0.9,us,usp000jcr8,2020-09-21T17:54:14.033Z,"6 km SW of Klerksdorp, South Africa",earthquake,,,,9.0,reviewed,us,us,2011-12-28,33661,South Africa,2
2012-03-14 19:26:52.230000+00:00,-27.813,26.579,5.0,4.77,mw,8.0,219.1,,1.0,us,usp000jg8t,2014-11-07T01:47:14.910Z,"9 km SW of Allanridge, South Africa",earthquake,,,,1.0,reviewed,us,us,2012-03-14,33738,South Africa,3
2012-05-27 18:56:32.520000+00:00,-27.139,30.821,5.0,4.77,mw,18.0,53.3,,1.28,us,usp000jm0n,2014-11-07T01:47:54.046Z,"14 km S of Piet Retief, South Africa",earthquake,,,,1.0,reviewed,us,us,2012-05-27,33812,South Africa,-1
2012-08-16 15:39:04.480000+00:00,-26.352,27.705,5.0,5.03,mw,15.0,77.7,,0.83,us,usp000jqcw,2020-09-21T18:20:28.535Z,"6 km ESE of Westonaria, South Africa",earthquake,,,,5.0,reviewed,us,us,2012-08-16,33893,South Africa,1
2013-02-20 05:31:48.220000+00:00,-26.371,27.465,5.0,4.77,mw,27.0,145.7,,0.82,us,usp000jzfb,2014-11-07T01:50:10.046Z,"6 km E of Carletonville, South Africa",earthquake,,,,5.0,reviewed,us,us,2013-02-20,34081,South Africa,1
2013-06-22 05:08:07.250000+00:00,-24.713,27.642,5.0,4.6,mw,7.0,205.0,,1.25,us,us2013rta5,2014-11-07T01:51:06.667Z,"26 km ESE of Thabazimbi, South Africa",earthquake,,,,1.0,reviewed,us,us,2013-06-22,34366,South Africa,-1
2013-07-07 14:52:14.570000+00:00,-25.642,30.58,5.0,4.94,mw,46.0,76.0,,1.18,us,usb000i88i,2022-07-25T18:03:07.082Z,"43 km WSW of Nelspruit, South Africa",earthquake,,1.8,,11.0,reviewed,us,us,2013-07-07,34218,South Africa,-1
2013-07-13 04:21:56.920000+00:00,-26.92,26.737,5.0,4.77,mw,14.0,104.0,,0.78,us,usp000k1yb,2014-11-07T01:51:15.817Z,"8 km SSW of Stilfontein, South Africa",earthquake,,,,3.0,reviewed,us,us,2013-07-13,34352,South Africa,2
2013-09-10 05:31:36.930000+00:00,-26.4013,27.4689,5.44,4.85,mw,,158.0,2.181,1.28,us,usc000jwxc,2020-07-10T18:57:02.480Z,"8 km ESE of Carletonville, South Africa",earthquake,,3.0,0.384,,reviewed,us,us,2013-09-10,34283,South Africa,1
2013-11-18 07:53:48.300000+00:00,-26.2179,27.9619,5.0,4.68,mw,,151.2,2.44790915,1.35,us,usb000l2p1,2022-07-26T03:41:37.320Z,"8 km WSW of Johannesburg, South Africa",earthquake,9.5,0.0,0.2,,reviewed,us,us,2013-11-18,34360,South Africa,1
2013-11-26 17:10:48.080000+00:00,-28.0063,26.7364,9.15,4.94,mw,,112.0,1.439,0.66,us,usb000l86l,2020-07-10T18:24:43.317Z,"3 km S of Welkom, South Africa",earthquake,,5.2,0.206,,reviewed,us,us,2013-11-26,34224,South Africa,3
2013-12-02 19:18:06.180000+00:00,-24.9302,28.6111,5.0,5.11,mw,,62.0,2.737,0.7,us,usb000lab5,2022-07-26T02:51:36.338Z,"33 km SE of Modimolle, South Africa",earthquake,,1.8,0.116,,reviewed,us,us,2013-12-02,34203,South Africa,-1
2014-04-25 06:23:50.850000+00:00,-27.9959,26.654,5.0,4.6,mw,,124.0,1.378,0.92,us,usb000qnyh,2014-07-14T20:11:14.000Z,"8 km WSW of Welkom, South Africa",earthquake,,1.9,0.263,5.0,reviewed,us,us,2014-04-25,34528,South Africa,3
2014-05-13 21:54:03.650000+00:00,-26.3664,27.5527,5.0,4.68,mw,,192.0,2.219,0.86,us,usc000r95b,2014-08-06T00:55:35.000Z,"10 km WSW of Westonaria, South Africa",earthquake,,1.6,0.375,3.0,reviewed,us,us,2014-05-13,34510,South Africa,1
2014-08-05 10:22:33.980000+00:00,-26.9899,26.7048,5.0,5.4,mwb,,26.0,2.065,1.07,us,usb000s0b3,2022-07-26T21:31:22.428Z,"3 km ESE of Orkney, South Africa",earthquake,,1.7,0.093,11.0,reviewed,us,us,2014-08-05,34612,South Africa,2
2014-08-31 14:40:02.460000+00:00,-26.4145,27.5636,5.0,4.94,mw,,172.0,2.256,0.95,us,usb000sbd0,2020-07-10T18:37:51.087Z,"10 km NE of Fochville, South Africa",earthquake,8.7,1.9,0.387,5.0,reviewed,us,us,2014-08-31,34638,South Africa,1
2015-01-09 23:41:37.090000+00:00,-26.39,27.5418,5.0,4.94,mw,,78.0,2.225,1.01,us,usc000tedz,2024-06-16T23:48:11.825Z,"11 km NNE of Fochville, South Africa",earthquake,7.2,1.4,0.116,24.0,reviewed,us,us,2015-01-09,34797,South Africa,1
2015-02-06 00:48:00.040000+00:00,-26.9636,27.0879,5.0,4.68,mw,,155.0,2.31,0.52,us,usb000tnm9,2015-05-04T22:47:42.040Z,"27 km S of Potchefstroom, South Africa",earthquake,7.2,1.9,0.266,5.0,reviewed,us,us,2015-02-06,34820,South Africa,2
2015-03-01 19:11:47.910000+00:00,-27.9969,26.823,8.42,5.11,mw,,116.0,1.512,0.55,us,usc000tva2,2020-07-10T19:21:39.772Z,"8 km ESE of Welkom, South Africa",earthquake,7.6,4.1,0.167,11.0,reviewed,us,us,2015-03-01,34769,South Africa,3
2015-03-20 13:44:46.450000+00:00,-28.1328,27.3912,5.0,4.6,mw,,158.0,1.942,1.16,us,us10001q8z,2015-06-09T21:29:59.040Z,"25 km ESE of Ventersburg, South Africa",earthquake,11.4,1.8,0.263,4.0,reviewed,us,us,2015-03-20,34839,South Africa,3
2015-06-11 23:27:34.060000+00:00,-26.4269,27.4917,5.0,4.94,mw,,83.0,2.213,0.59,us,us20002qij,2022-07-31T13:39:56.042Z,"6 km N of Fochville, South Africa",earthquake,8.3,1.9,0.137,16.0,reviewed,us,us,2015-06-11,34922,South Africa,1
2015-06-16 03:21:51.780000+00:00,-29.1697,31.5888,15.3,4.68,mw,,262.0,5.58,0.87,us,us20002q6e,2015-08-20T00:43:59.040Z,"19 km ESE of Sundumbili, South Africa",earthquake,13.3,6.6,0.266,4.0,reviewed,us,us,2015-06-16,34953,South Africa,-1
2015-07-12 15:39:02.190000+00:00,-25.4844,27.6486,5.0,4.6,mw,,265.0,1.916,0.47,us,us10002wvg,2015-10-09T20:19:14.040Z,"21 km NW of Brits, South Africa",earthquake,9.7,2.0,0.263,6.0,reviewed,us,us,2015-07-12,35034,South Africa,-1
2015-10-01 20:15:03.820000+00:00,-29.4446,24.6307,5.0,4.77,mw,,86.0,0.976,0.81,us,us10003n8y,2016-01-04T22:28:38.040Z,"45 km S of Ritchie, South Africa",earthquake,6.4,1.9,0.189,8.0,reviewed,us,us,2015-10-01,34927,South Africa,-1
2016-03-24 16:16:03.250000+00:00,-26.5215,27.6549,5.0,4.94,mw,,143.0,2.386,1.2,us,us20005dew,2024-06-16T23:46:33.463Z,"16 km ESE of Fochville, South Africa",earthquake,8.5,1.9,0.183,9.0,reviewed,us,us,2016-03-24,35223,South Africa,1
2016-04-07 17:06:03.310000+00:00,-39.2514,34.7958,10.0,5.11,mw,,36.0,13.23,0.94,us,us20005g6a,2016-06-17T21:45:56.040Z,off the coast of South Africa,earthquake,11.8,1.8,0.085,43.0,reviewed,us,us,2016-04-07,35209,off the coast of South Africa,-1
2016-06-12 03:39:02.380000+00:00,-24.0711,30.9282,5.0,4.51,mw,,195.0,4.945,0.17,us,us2000653l,2016-08-25T01:22:52.040Z,"25 km WSW of Phalaborwa, South Africa",earthquake,12.4,2.0,0.302,3.0,reviewed,us,us,2016-06-12,35430,South Africa,-1
2016-07-19 09:20:43.310000+00:00,-28.0713,26.8266,5.0,4.68,mw,,111.0,1.486,0.42,us,us20006gsg,2016-09-17T01:27:51.040Z,"5 km NW of Virginia, South Africa",earthquake,8.8,1.7,0.307,3.0,reviewed,us,us,2016-07-19,35417,South Africa,3
2016-10-18 06:25:33.160000+00:00,-33.2723,22.3421,10.0,4.85,mw,,101.0,1.566,1.2,us,us20007gcw,2017-01-15T01:14:01.040Z,"29 km E of Prince Albert, South Africa",earthquake,6.4,1.8,0.205,7.0,reviewed,us,us,2016-10-18,35289,South Africa,-1
2016-10-31 05:59:20.600000+00:00,-26.9169,26.821,5.0,4.85,mw,,90.0,2.187,0.77,us,us100073be,2020-07-10T15:12:13.480Z,"9 km SSE of Stilfontein, South Africa",earthquake,7.3,1.8,0.271,4.0,reviewed,us,us,2016-10-31,35326,South Africa,2
2017-02-07 14:02:46.300000+00:00,-26.3029,27.579,5.0,4.77,mw,,86.0,2.201,0.81,us,us20008kjm,2017-05-09T01:24:29.040Z,"7 km WNW of Westonaria, South Africa",earthquake,7.6,2.0,0.309,3.0,reviewed,us,us,2017-02-07,35584,South Africa,1
2017-04-03 03:08:51.210000+00:00,-26.9092,26.8014,5.0,5.45,mw,,33.0,2.175,0.75,us,us10008e0f,2022-05-03T18:14:56.703Z,"7 km SSE of Stilfontein, South Africa",earthquake,6.1,1.7,0.052,122.0,reviewed,us,us,2017-04-03,35529,South Africa,2
2017-07-09 22:54:06.280000+00:00,-26.9386,26.7684,5.0,4.85,mw,,65.0,2.14,0.43,us,us20009xvz,2020-07-10T16:46:01.101Z,"10 km S of Stilfontein, South Africa",earthquake,5.8,1.8,0.132,17.0,reviewed,us,us,2017-07-09,35681,South Africa,2
2017-07-25 04:18:55.130000+00:00,-26.4663,27.6337,5.0,4.77,mw,,158.0,2.337,0.74,us,us2000a27h,2017-10-14T00:19:39.040Z,"14 km E of Fochville, South Africa",earthquake,8.9,1.8,0.269,4.0,reviewed,us,us,2017-07-25,35697,South Africa,1
2017-09-15 13:31:05.460000+00:00,-29.6445,26.2062,5.0,4.77,mw,,100.0,1.321,0.74,us,us2000asma,2017-12-13T02:29:45.040Z,"58 km S of Bloemfontein, South Africa",earthquake,5.5,1.9,0.189,8.0,reviewed,us,us,2017-09-15,35749,South Africa,-1
2017-11-28 05:22:16.180000+00:00,-27.9665,26.7883,5.0,4.77,mw,,98.0,1.497,1.13,us,us1000bmr3,2018-02-20T09:06:05.040Z,"5 km ENE of Welkom, South Africa",earthquake,4.4,1.9,0.241,5.0,reviewed,us,us,2017-11-28,35966,South Africa,3
2018-02-16 12:04:16.030000+00:00,-23.8474,30.8865,5.0,4.85,mw,,93.0,3.561,1.05,us,us2000d88i,2018-05-15T06:29:10.040Z,"28 km WNW of Phalaborwa, South Africa",earthquake,8.3,1.9,0.171,10.0,reviewed,us,us,2018-02-16,35903,South Africa,-1
2018-03-28 06:22:05.700000+00:00,-26.4955,27.5625,5.0,4.94,mw,,138.0,2.305,0.7,us,us2000dv1p,2020-07-10T17:09:44.633Z,"6 km E of Fochville, South Africa",earthquake,8.2,1.9,0.224,6.0,reviewed,us,us,2018-03-28,35823,South Africa,1
2018-04-20 01:27:32.970000+00:00,-26.902,26.8016,5.0,4.85,mw,,90.0,2.169,0.59,us,us1000ds2q,2020-07-10T15:45:13.005Z,"7 km SSE of Stilfontein, South Africa",earthquake,5.4,2.0,0.313,3.0,reviewed,us,us,2018-04-20,35943,South Africa,2
2018-06-27 21:51:55.890000+00:00,-26.956,26.8073,5.0,4.77,mw,,88.0,2.149,0.51,us,us2000fw1j,2018-09-21T16:25:48.040Z,"12 km SSE of Stilfontein, South Africa",earthquake,6.2,1.9,0.24,5.0,reviewed,us,us,2018-06-27,36036,South Africa,2
2018-06-29 01:17:28.730000+00:00,-26.4357,27.6194,5.0,4.85,mw,,102.0,2.308,0.51,us,us2000fxj8,2020-07-10T17:12:44.182Z,"13 km SSW of Westonaria, South Africa",earthquake,5.7,1.9,0.222,6.0,reviewed,us,us,2018-06-29,36034,South Africa,1
2018-07-19 01:34:39.920000+00:00,-26.0543,30.1645,5.0,4.68,mw,,68.0,1.886,0.84,us,us2000g8dp,2018-10-04T14:15:31.040Z,"5 km ENE of Carolina, South Africa",earthquake,5.4,1.9,0.265,4.0,reviewed,us,us,2018-07-19,36056,South Africa,-1
2018-09-14 22:42:12.080000+00:00,-28.2974,26.8055,5.0,4.68,mw,,105.0,1.4,0.91,us,us2000hi8e,2018-11-21T18:19:15.040Z,"16 km NE of Theunissen, South Africa",earthquake,5.6,2.0,0.377,2.0,reviewed,us,us,2018-09-14,36113,South Africa,3
2018-11-25 23:47:40.780000+00:00,-26.5011,29.0126,5.0,4.94,mw,,77.0,2.548,0.67,us,us1000hyc9,2019-02-02T20:02:33.040Z,"6 km WNW of eMbalenhle, South Africa",earthquake,3.7,1.9,0.182,9.0,reviewed,us,us,2018-11-25,36281,South Africa,-1
2018-12-24 20:47:27.860000+00:00,-26.9436,26.7982,5.0,4.94,mw,,58.0,2.153,0.77,us,us2000ix91,2019-03-05T17:46:32.040Z,"11 km SSE of Stilfontein, South Africa",earthquake,6.9,1.8,0.132,17.0,reviewed,us,us,2018-12-24,36302,South Africa,2
2019-03-01 04:56:45.517000+00:00,-26.2786,27.7985,5.0,5.2,mw,,74.0,2.352,0.86,us,us1000j9sy,2019-05-14T18:36:16.040Z,"6 km WSW of Soweto, South Africa",earthquake,4.1,1.8,0.155,13.0,reviewed,us,us,2019-03-01,36185,South Africa,1
2019-03-22 00:30:29.830000+00:00,-28.0683,26.7886,5.0,5.2,mw,,85.0,1.456,0.65,us,us1000jk2f,2025-12-22T18:06:32.031Z,"8 km WNW of Virginia, South Africa",earthquake,5.4,1.8,0.08,49.0,reviewed,us,us,2019-03-22,36214,South Africa,3
2019-07-23 07:56:10.471000+00:00,-28.1875,26.589,5.0,4.77,mw,,163.0,1.249,0.52,us,us60004y1t,2019-10-11T20:12:22.040Z,"27 km NNW of Theunissen, South Africa",earthquake,7.5,1.9,0.24,5.0,reviewed,us,us,2019-07-23,36443,South Africa,3
2019-08-10 16:58:26.579000+00:00,-27.0042,26.6008,5.0,4.94,mw,,72.0,1.998,0.79,us,us600053g6,2019-10-29T20:33:55.040Z,"7 km WSW of Orkney, South Africa",earthquake,5.2,1.8,0.173,10.0,reviewed,us,us,2019-08-10,36425,South Africa,2
2019-08-31 06:10:50.190000+00:00,-26.5034,27.6098,5.0,4.68,mw,,123.0,2.343,0.65,us,us70005cd9,2019-11-15T17:20:49.040Z,"11 km E of Fochville, South Africa",earthquake,3.5,1.9,0.169,10.0,reviewed,us,us,2019-08-31,36464,South Africa,1
2019-10-31 11:19:23.282000+00:00,-30.4967,30.0509,5.0,4.6,mw,,55.0,4.176,0.7,us,us700061iq,2020-01-18T20:00:49.040Z,"47 km NW of Port Shepstone, South Africa",earthquake,9.5,1.0,0.167,10.0,reviewed,us,us,2019-10-31,36525,South Africa,-1
2020-01-25 11:39:54.243000+00:00,-28.0837,26.7398,5.0,4.85,mw,,145.0,1.41,0.39,us,us70007j4m,2022-03-10T05:02:52.998Z,"11 km S of Welkom, South Africa",earthquake,4.2,1.9,0.205,9.0,reviewed,us,us,2020-01-25,36627,South Africa,3
2020-02-10 17:13:48.721000+00:00,-26.4171,27.4046,5.0,4.85,mw,,146.0,2.146,0.59,us,us70007mn1,2022-03-10T05:06:00.766Z,"6 km S of Carletonville, South Africa",earthquake,9.3,1.8,0.27,4.0,reviewed,us,us,2020-02-10,36713,South Africa,1
2020-05-06 04:59:00.507000+00:00,-26.902,26.7868,5.0,5.11,mw,,90.0,2.086,0.48,us,us70009fee,2022-03-10T05:14:45.956Z,"6 km SSE of Stilfontein, South Africa",earthquake,5.2,1.9,0.249,5.0,reviewed,us,us,2020-05-06,36611,South Africa,2
2020-12-06 01:05:43.502000+00:00,-26.9238,26.7574,5.0,5.11,mw,,52.0,2.146,1.1,us,us7000cnip,2022-03-10T05:49:17.512Z,"8 km S of Stilfontein, South Africa",earthquake,6.3,1.8,0.114,24.0,reviewed,us,us,2020-12-06,36927,South Africa,2
2021-06-03 02:52:09.684000+00:00,-26.4703,27.5361,5.0,4.85,mw,,91.0,2.271,0.43,us,us7000e98w,2021-08-07T22:07:23.040Z,"4 km ENE of Fochville, South Africa",earthquake,6.1,1.9,0.171,10.0,reviewed,us,us,2021-06-03,37106,South Africa,1
2021-06-22 02:29:37.858000+00:00,-32.955,31.7422,10.0,4.51,mw,,192.0,4.513,0.72,us,us7000ef3c,2021-08-27T18:58:17.040Z,"254 km SE of Port Saint John’s, South Africa",earthquake,13.0,2.0,0.261,4.0,reviewed,us,us,2021-06-22,37163,South Africa,-1
2021-07-05 23:39:09.982000+00:00,-29.7598,18.3284,5.0,4.77,mw,,179.0,3.37,0.94,us,us7000eiz3,2021-09-10T20:07:51.040Z,"44 km ESE of Springbok, South Africa",earthquake,9.0,2.0,0.381,2.0,reviewed,us,us,2021-07-05,37125,South Africa,-1
2021-07-14 10:38:19.004000+00:00,-28.0175,26.6765,5.0,4.6,mw,,170.0,1.386,0.45,us,us7000eluu,2021-09-17T22:50:25.040Z,"7 km SW of Welkom, South Africa",earthquake,5.0,1.9,0.306,3.0,reviewed,us,us,2021-07-14,37147,South Africa,3
2021-07-30 04:34:51.281000+00:00,-26.3299,28.2241,5.0,4.31,mw,,212.0,2.708,0.78,us,us6000f0i0,2023-06-11T00:55:07.796Z,"12 km SE of Alberton, South Africa",earthquake,4.8,2.0,0.148,8.0,reviewed,us,us,2021-07-30,37212,South Africa,1
2021-09-17 05:33:31.408000+00:00,-26.8958,26.947,5.0,4.77,mw,,119.0,2.207,0.69,us,us7000fc0s,2021-12-03T15:01:24.040Z,"18 km ESE of Stilfontein, South Africa",earthquake,6.9,1.9,0.268,4.0,reviewed,us,us,2021-09-17,37138,South Africa,2
2022-01-05 09:08:20.921000+00:00,-29.9499,19.4214,10.0,4.85,mw,,82.0,2.452,0.71,us,us7000g96i,2022-03-12T22:19:09.040Z,"91 km S of Pofadder, South Africa",earthquake,7.6,1.9,0.271,5.0,reviewed,us,us,2022-01-05,37335,South Africa,-1
2022-01-18 04:33:25.602000+00:00,-26.4327,27.4383,5.0,4.77,mw,,120.0,2.18,0.5,us,us7000gcsp,2022-04-01T17:40:15.040Z,"8 km NW of Fochville, South Africa",earthquake,9.1,1.9,0.178,9.0,reviewed,us,us,2022-01-18,37389,South Africa,1
2022-03-13 22:07:41.476000+00:00,-26.5139,28.9243,5.0,5.03,mw,,48.0,3.351,0.61,us,us6000h4ar,2022-05-27T14:55:22.040Z,"14 km W of eMbalenhle, South Africa",earthquake,8.5,1.8,0.101,30.0,reviewed,us,us,2022-03-13,37322,South Africa,-1
2022-06-15 03:23:31.243000+00:00,-27.8921,26.7266,5.0,4.94,mw,18.0,125.0,1.483,0.4,us,us7000hirc,2022-08-21T00:17:23.040Z,"6 km SSW of Kutloanong, South Africa",earthquake,6.1,1.9,0.387,5.0,reviewed,us,us,2022-06-15,37515,South Africa,3
2022-07-17 09:19:30.544000+00:00,-26.9846,26.8165,5.0,5.11,mw,38.0,96.0,2.132,0.47,us,us6000i37b,2022-09-27T16:56:56.040Z,"14 km E of Orkney, South Africa",earthquake,5.86,1.853,0.128,19.0,reviewed,us,us,2022-07-17,37483,South Africa,2
2022-11-05 12:32:09.167000+00:00,-28.7229,30.8404,9.357,4.94,mw,25.0,53.0,4.909,0.28,us,us7000impz,2023-01-21T19:27:08.040Z,"44 km NNE of Greytown, South Africa",earthquake,5.61,5.079,0.192,8.0,reviewed,us,us,2022-11-05,37626,South Africa,-1
2022-11-06 07:29:22.771000+00:00,-30.169,29.5392,10.0,4.85,mw,20.0,145.0,4.046,0.64,us,us7000imw4,2023-01-21T19:27:10.040Z,"43 km NNE of Kokstad, South Africa",earthquake,8.26,1.822,0.22,6.0,reviewed,us,us,2022-11-06,37662,South Africa,-1
2022-12-11 16:20:39.168000+00:00,-26.4814,27.7854,5.0,4.77,mw,19.0,158.0,2.455,0.65,us,us6000j8mc,2023-02-18T22:04:04.040Z,"8 km W of Orange Farm, South Africa",earthquake,4.34,1.924,0.24,7.0,reviewed,us,us,2022-12-11,37669,South Africa,1
2022-12-18 13:30:51.732000+00:00,-26.9725,26.8636,5.0,4.38,mw,12.0,214.0,2.169,0.28,us,us6000ja7b,2023-02-28T23:06:26.040Z,"17 km SE of Stilfontein, South Africa",earthquake,7.91,2.008,0.181,4.0,reviewed,us,us,2022-12-18,37696,South Africa,2
2023-01-14 04:26:06.741000+00:00,-37.3729,30.9884,10.0,4.94,mw,24.0,83.0,9.729,1.03,us,us7000j4bs,2023-03-20T06:03:39.040Z,off the coast of South Africa,earthquake,12.44,1.882,0.141,15.0,reviewed,us,us,2023-01-14,37627,off the coast of South Africa,-1
2023-06-11 00:38:51.603000+00:00,-26.3274,28.1581,5.0,5.2,mw,89.0,38.0,2.655,0.5,us,us7000k7q8,2025-09-07T20:30:14.185Z,"Gauteng, South Africa",earthquake,7.88,1.787,0.065,75.0,reviewed,us,us,2023-06-11,37844,South Africa,1
2023-07-22 16:46:52.009000+00:00,-26.2899,27.7296,5.0,4.6,mw,14.0,149.0,2.306,0.85,us,us7000khn8,2023-09-28T21:34:12.040Z,"8 km ENE of Westonaria, South Africa",earthquake,9.31,1.943,0.526,1.0,reviewed,us,us,2023-07-22,37885,South Africa,1
2023-11-17 05:50:41.167000+00:00,-26.9891,26.6115,5.0,4.94,mw,27.0,53.0,2.016,0.7,us,us6000lp0u,2024-01-26T16:37:47.040Z,"6 km W of Orkney, South Africa",earthquake,4.63,1.807,0.173,10.0,reviewed,us,us,2023-11-17,38003,South Africa,2
2024-04-30 15:47:58.835000+00:00,-27.7222,26.604,5.0,4.77,mw,22.0,73.0,1.486,0.83,us,us6000mx6p,2024-07-15T03:58:44.040Z,"5 km NW of Allanridge, South Africa",earthquake,6.45,1.865,0.269,5.0,reviewed,us,us,2024-04-30,38168,South Africa,3
2024-05-15 08:26:44.920000+00:00,-26.93,26.8519,5.0,4.77,mw,13.0,113.0,2.194,1.05,us,us6000myqv,2024-07-26T23:58:09.040Z,"12 km SE of Stilfontein, South Africa",earthquake,5.31,1.928,0.22,6.0,reviewed,us,us,2024-05-15,38183,South Africa,2
2024-05-22 16:11:10.292000+00:00,-26.4205,27.549,5.0,4.77,mw,12.0,92.0,2.249,0.76,us,us7000mntp,2024-08-06T02:10:27.040Z,"9 km NE of Fochville, South Africa",earthquake,6.25,1.93,0.31,3.0,reviewed,us,us,2024-05-22,38190,South Africa,1
2024-12-22 00:51:05.219000+00:00,-30.381,19.5557,10.0,5.2,mww,78.0,67.0,2.263,0.74,us,us7000p0n9,2025-02-27T17:30:54.040Z,"89 km W of Brandvlei, South Africa",earthquake,7.63,1.841,0.11,8.0,reviewed,us,us,2024-12-22,38404,South Africa,-1
2025-04-17 08:57:28.742000+00:00,-26.9462,26.6944,5.0,5.11,mw,51.0,54.0,2.094,0.49,us,us6000q6px,2025-06-27T00:34:17.040Z,"4 km NNE of Orkney, South Africa",earthquake,8.67,1.858,0.089,39.0,reviewed,us,us,2025-04-17,38520,South Africa,2
2026-02-08 17:10:13.383000+00:00,-26.9663,26.7799,5.0,4.6,mw,13.0,132.0,2.126,0.72,us,us7000rzs3,2026-05-01T14:35:54.040Z,"10 km E of Orkney, South Africa",earthquake,10.39,1.923,0.199,7.0,reviewed,us,us,2026-02-08,38817,South Africa,2
